ATOM,Atm_no,Atm_name,Res_name,Atm_type,Charge,Vdwradrna,Vdwepsrna
ATOM,229,P,A,P,1.1662,2.1,0.2
ATOM,230,OP1,A,O2,-0.776,1.6612,0.21
ATOM,231,OP2,A,O2,-0.776,1.6612,0.21
ATOM,231,OP3,A,O2,-0.776,1.6612,0.21
ATOM,232,O5',A,OS,-0.4989,1.6837,0.17
ATOM,233,C5',A,CT,0.1916,1.908,0.1094
ATOM,234,C4',A,CT,0.2239,1.908,0.1094
ATOM,235,O4',A,OS,-0.3548,1.6837,0.17
ATOM,236,C3',A,CT,0.2637,1.908,0.1094
ATOM,237,O3',A,OS,-0.5246,1.6837,0.17
ATOM,238,C2',A,CT,0.1642,1.908,0.1094
ATOM,239,O2',A,OH,-0.1953,1.721,0.2104
ATOM,240,C1',A,CT,0.2401,1.908,0.1094
ATOM,241,N9,A,N*,-0.0251,1.824,0.17
ATOM,242,C8,A,CK,0.3559,1.908,0.086
ATOM,243,N7,A,NB,-0.6073,1.824,0.17
ATOM,244,C5,A,CB,0.0515,1.908,0.086
ATOM,245,C6,A,CA,0.7009,1.908,0.086
ATOM,246,N6,A,N2,-0.0789,1.824,0.17
ATOM,247,N1,A,NC,-0.7615,1.824,0.17
ATOM,248,C2,A,CQ,0.6348,1.908,0.086
ATOM,249,N3,A,NC,-0.6997,1.824,0.17
ATOM,250,C4,A,CB,0.3053,1.908,0.086
ATOM,251,P,G,P,1.1662,2.1,0.2
ATOM,252,OP1,G,O2,-0.776,1.6612,0.21
ATOM,253,OP2,G,O2,-0.776,1.6612,0.21
ATOM,253,OP3,G,O2,-0.776,1.6612,0.21
ATOM,254,O5',G,OS,-0.4989,1.6837,0.17
ATOM,255,C5',G,CT,0.1916,1.908,0.1094
ATOM,256,C4',G,CT,0.2239,1.908,0.1094
ATOM,257,O4',G,OS,-0.3548,1.6837,0.17
ATOM,258,C3',G,CT,0.2637,1.908,0.1094
ATOM,259,O3',G,OS,-0.5246,1.6837,0.17
ATOM,260,C2',G,CT,0.1642,1.908,0.1094
ATOM,261,O2',G,OH,-0.1953,1.721,0.2104
ATOM,262,C1',G,CT,0.2197,1.908,0.1094
ATOM,263,N9,G,N*,0.0492,1.824,0.17
ATOM,264,C8,G,CK,0.3014,1.908,0.086
ATOM,265,N7,G,NB,-0.5709,1.824,0.17
ATOM,266,C5,G,CB,0.1744,1.908,0.086
ATOM,267,C6,G,C,0.477,1.908,0.086
ATOM,268,O6,G,O,-0.5597,1.6612,0.21
ATOM,269,N1,G,'NA',-0.1363,1.824,0.17
ATOM,270,C2,G,CA,0.7657,1.908,0.086
ATOM,271,N2,G,N2,-0.0944,1.824,0.17
ATOM,272,N3,G,NC,-0.6323,1.84,0.17
ATOM,273,C4,G,CB,0.1222,1.908,0.086
ATOM,209,P,C,P,1.1662,2.1,0.2
ATOM,210,OP1,C,O2,-0.776,1.6612,0.21
ATOM,211,OP2,C,O2,-0.776,1.6612,0.21
ATOM,211,OP3,C,O2,-0.776,1.6612,0.21
ATOM,212,O5',C,OS,-0.4989,1.6837,0.17
ATOM,213,C5',C,CT,0.1916,1.908,0.1094
ATOM,214,C4',C,CT,0.2239,1.908,0.1094
ATOM,215,O4',C,OS,-0.3548,1.6837,0.17
ATOM,216,C3',C,CT,0.2637,1.908,0.1094
ATOM,217,O3',C,OS,-0.5246,1.6837,0.17
ATOM,218,C2',C,CT,0.1642,1.908,0.1094
ATOM,219,O2',C,OH,-0.1953,1.721,0.2104
ATOM,220,C1',C,CT,0.2095,1.908,0.1094
ATOM,221,N1,C,N*,-0.0484,1.824,0.17
ATOM,222,C2,C,C,0.7538,1.908,0.086
ATOM,223,O2,C,O,-0.6252,1.6612,0.21
ATOM,224,N3,C,NC,-0.7584,1.84,0.17
ATOM,225,C4,C,CA,0.8185,1.908,0.086
ATOM,226,N4,C,N2,-0.1062,1.824,0.17
ATOM,227,C5,C,CM,-0.3277,1.908,0.086
ATOM,228,C6,C,CM,0.2011,1.908,0.086
ATOM,146,P,U,P,1.1662,2.1,0.2
ATOM,147,OP1,U,O2,-0.776,1.6612,0.21
ATOM,148,OP2,U,O2,-0.776,1.6612,0.21
ATOM,148,OP3,U,O2,-0.776,1.6612,0.21
ATOM,149,O5',U,OS,-0.4989,1.6837,0.17
ATOM,150,C5',U,CT,0.1916,1.908,0.1094
ATOM,151,C4',U,CT,0.2239,1.908,0.1094
ATOM,152,O4',U,OS,-0.3548,1.6837,0.17
ATOM,153,C3',U,CT,0.2637,1.908,0.1094
ATOM,154,O3',U,OS,-0.5246,1.6837,0.17
ATOM,155,C2',U,CT,0.1642,1.908,0.1094
ATOM,156,O2',U,OH,-0.1953,1.721,0.2104
ATOM,157,C1',U,CT,0.2498,1.908,0.1094
ATOM,158,N1,U,N*,0.0418,1.824,0.17
ATOM,159,C2,U,C,0.4687,1.908,0.086
ATOM,160,O2,U,O,-0.5477,1.6612,0.21
ATOM,161,N3,U,'NA',-0.0395,1.824,0.17
ATOM,162,C4,U,C,0.5952,1.908,0.086
ATOM,163,O4,U,O,-0.5761,1.6612,0.21
ATOM,164,C5,U,CM,-0.1824,1.908,0.086
ATOM,165,C6,U,CM,0.1062,1.908,0.086
